episode,total_reward,env_reward,pos_reward,epsilon,duration,steps,scores_made,scores_against
0,-6.145000,-21.000000,14.855000,0.998000,38.160392,764,0,21
1,-2.539833,-21.000000,18.460167,0.996004,46.911068,945,0,42
2,-2.540000,-21.000000,18.460000,0.994012,46.572852,945,0,63
3,-3.675000,-21.000000,17.325000,0.992024,43.784121,888,0,84
4,-3.694833,-21.000000,17.305167,0.990040,43.942245,887,0,105
5,-1.237500,-20.000000,18.262500,0.988060,45.667226,920,1,126
6,-6.145000,-21.000000,14.855000,0.986084,37.872486,764,1,147
7,-2.520000,-21.000000,18.480000,0.984112,47.127302,946,1,168
8,-1.197500,-20.000000,18.302500,0.982143,45.923132,919,2,189
9,-4.950000,-21.000000,16.050000,0.980179,40.820334,824,2,210
10,1.032500,-20.000000,20.532500,0.978219,51.775468,1045,3,231
11,-3.735000,-21.000000,17.265000,0.976262,50.933078,885,3,252
12,-3.735000,-21.000000,17.265000,0.974310,52.506178,885,3,273
13,-1.417500,-20.000000,18.082500,0.972361,51.165093,921,4,294
14,0.992500,-20.000000,20.492500,0.970416,57.942537,1042,5,315
15,-1.364833,-21.000000,19.635167,0.968476,55.619413,1004,5,336
16,2.195333,-19.000000,20.195333,0.966539,56.524189,1016,7,357
17,-1.365000,-21.000000,19.635000,0.964606,55.824875,1004,7,378
18,-3.755000,-21.000000,17.245000,0.962676,49.466638,884,7,399
19,6.795167,-19.000000,24.795167,0.960751,70.249416,1256,9,420
20,-3.715000,-21.000000,17.285000,0.958829,49.965818,886,9,441
21,1.232500,-20.000000,20.732500,0.956912,58.067674,1042,10,462
22,9.013000,-18.000000,25.513000,0.954998,75.735213,1293,13,483
23,-1.365000,-21.000000,19.635000,0.953088,57.218022,1004,13,504
24,-1.197500,-20.000000,18.302500,0.951182,52.478572,919,14,525
25,-3.755000,-21.000000,17.245000,0.949279,49.314965,884,14,546
26,-0.302500,-20.000000,19.197500,0.947381,54.564768,979,15,567
27,1.125167,-21.000000,22.125167,0.945486,63.023277,1129,15,588
28,3.522500,-20.000000,23.022500,0.943595,64.856259,1162,16,609
29,-4.950000,-21.000000,16.050000,0.941708,46.388115,824,16,630
30,-3.755000,-21.000000,17.245000,0.939825,49.600715,884,16,651
31,-4.950000,-21.000000,16.050000,0.937945,46.466454,824,16,672
32,-0.222500,-20.000000,19.277500,0.936069,55.402266,980,17,693
33,0.952500,-20.000000,20.452500,0.934197,58.972518,1040,18,714
34,-1.325000,-21.000000,19.675000,0.932328,56.691869,1006,18,735
35,-1.325000,-21.000000,19.675000,0.930464,56.787961,1006,18,756
36,1.152500,-20.000000,20.652500,0.928603,58.817834,1040,19,777
37,-4.950000,-21.000000,16.050000,0.926746,47.015234,824,19,798
38,-2.500000,-21.000000,18.500000,0.924892,53.951381,947,19,819
39,6.092500,-20.000000,25.592500,0.923042,74.346178,1285,20,840
40,-1.304833,-21.000000,19.695167,0.921196,58.552714,1007,20,861
41,4.465333,-19.000000,22.465333,0.919354,64.098884,1136,22,882
42,3.302500,-20.000000,22.802500,0.917515,65.290945,1161,23,903
43,-1.305000,-21.000000,19.695000,0.915680,56.834495,1007,23,924
44,-1.325000,-21.000000,19.675000,0.913849,56.980328,1006,23,945
45,13.700333,-17.000000,28.700333,0.912021,82.457625,1448,27,966
46,8.502500,-20.000000,28.002500,0.910197,80.134172,1404,28,987
47,7.115000,-19.000000,25.115000,0.908377,72.365571,1260,30,1008
48,10.227500,-18.000000,26.727500,0.906560,77.443107,1353,33,1029
49,-2.520000,-21.000000,18.480000,0.904747,54.141354,946,33,1050
50,0.932500,-20.000000,20.432500,0.902937,60.631334,1043,34,1071
51,3.362500,-20.000000,22.862500,0.901131,61.283063,1162,35,1092
52,-3.755000,-21.000000,17.245000,0.899329,48.233905,884,35,1113
53,5.640000,-19.000000,23.640000,0.897531,65.546772,1199,37,1134
54,5.852500,-20.000000,25.352500,0.895735,69.929411,1284,38,1155
55,-1.497500,-20.000000,18.002500,0.893944,48.548138,920,39,1176
56,0.932500,-20.000000,20.432500,0.892156,54.918912,1039,40,1197
57,9.995000,-17.000000,24.995000,0.890372,67.075838,1267,44,1218
58,2.260000,-21.000000,23.260000,0.888591,63.181791,1186,44,1239
59,10.447833,-18.000000,26.947833,0.886814,72.306620,1351,47,1260
60,3.602500,-20.000000,23.102500,0.885040,62.360573,1162,48,1281
61,2.467667,-20.000000,21.967667,0.883270,59.442352,1104,49,1302
62,-0.169833,-21.000000,20.830167,0.881504,57.188760,1064,49,1323
63,-0.130000,-21.000000,20.870000,0.879741,57.497344,1066,49,1344
64,-2.540000,-21.000000,18.460000,0.877981,51.004370,945,49,1365
65,-0.262500,-20.000000,19.237500,0.876225,53.007188,984,50,1386
66,-3.755000,-21.000000,17.245000,0.874473,49.286040,884,50,1407
67,6.895000,-19.000000,24.895000,0.872724,70.896907,1257,52,1428
68,-2.480000,-21.000000,18.520000,0.870978,52.871368,948,52,1449
69,-0.844833,-21.000000,20.155167,0.869236,57.147591,1010,52,1470
70,-2.540000,-21.000000,18.460000,0.867498,51.353861,945,52,1491
71,-3.715000,-21.000000,17.285000,0.865763,48.293031,886,52,1512
72,10.075333,-17.000000,25.075333,0.864031,68.944279,1268,56,1533
73,11.342500,-18.000000,27.842500,0.862303,76.655966,1411,59,1554
74,-0.150000,-21.000000,20.850000,0.860579,57.856201,1065,59,1575
75,2.300500,-21.000000,23.300500,0.858858,64.596689,1188,59,1596
76,-2.560000,-21.000000,18.440000,0.857140,51.423054,944,59,1617
77,0.912500,-20.000000,20.412500,0.855426,57.240680,1043,60,1638
78,7.267500,-20.000000,26.767500,0.853715,74.247246,1343,61,1659
79,-1.344667,-21.000000,19.655333,0.852007,55.074114,1005,61,1680
80,5.845000,-21.000000,26.845000,0.850303,75.263144,1366,61,1701
81,4.497500,-20.000000,23.997500,0.848603,67.623201,1223,62,1722
82,-2.520000,-21.000000,18.480000,0.846905,53.699136,946,62,1743
83,6.052500,-20.000000,25.552500,0.845212,73.927908,1283,63,1764
84,-2.520000,-21.000000,18.480000,0.843521,53.225926,946,63,1785
85,5.945000,-21.000000,26.945000,0.841834,75.905782,1371,63,1806
86,13.700833,-17.000000,28.700833,0.840151,80.541204,1447,67,1827
87,5.447833,-18.000000,21.947833,0.838470,61.877451,1112,70,1848
88,0.130000,-21.000000,21.130000,0.836793,59.554800,1069,70,1869
89,2.347500,-20.000000,21.847500,0.835120,61.319999,1103,71,1890
90,-3.755000,-21.000000,17.245000,0.833449,49.445443,884,71,1911
91,11.310333,-17.000000,26.310333,0.831783,75.017059,1325,75,1932
92,10.508000,-18.000000,27.008000,0.830119,76.296270,1354,78,1953
93,2.267667,-20.000000,21.767667,0.828459,62.013231,1101,79,1974
94,1.125000,-21.000000,22.125000,0.826802,63.909074,1129,79,1995
95,-0.102500,-20.000000,19.397500,0.825148,55.832999,979,80,2016
96,4.637500,-20.000000,24.137500,0.823498,70.742343,1221,81,2037
97,15.148000,-18.000000,31.648000,0.821851,94.726297,1591,84,2058
98,7.095500,-19.000000,25.095500,0.820207,71.835589,1261,86,2079
99,5.932667,-20.000000,25.432667,0.818567,72.653878,1283,87,2100
100,-2.520000,-21.000000,18.480000,0.816930,53.513319,946,87,2121
101,5.640333,-19.000000,23.640333,0.815296,67.846489,1195,89,2142
102,2.507500,-20.000000,22.007500,0.813665,62.647893,1103,90,2163
103,6.052667,-20.000000,25.552667,0.812038,73.006116,1281,91,2184
104,6.887500,-20.000000,26.387500,0.810414,77.533863,1342,92,2205
105,1.085000,-21.000000,22.085000,0.808793,64.561964,1127,92,2226
106,4.677500,-20.000000,24.177500,0.807175,69.664171,1223,93,2247
107,-3.735000,-21.000000,17.265000,0.805561,52.153985,885,93,2268
108,10.540500,-19.000000,28.540500,0.803950,90.138089,1443,95,2289
109,2.380333,-21.000000,23.380333,0.802342,72.317432,1192,95,2310
110,16.010167,-17.000000,31.010167,0.800737,93.142850,1570,99,2331
111,9.145333,-19.000000,27.145333,0.799136,78.273290,1377,101,2352
112,14.602667,-16.000000,28.102667,0.797538,81.309746,1423,106,2373
113,1.025000,-21.000000,22.025000,0.795943,64.032114,1124,106,2394
114,-0.262500,-20.000000,19.237500,0.794351,56.148421,983,107,2415
115,5.872667,-20.000000,25.372667,0.792762,72.886140,1281,108,2436
116,2.467667,-20.000000,21.967667,0.791176,62.815382,1101,109,2457
117,4.817500,-20.000000,24.317500,0.789594,70.221681,1225,110,2478
118,-0.069833,-21.000000,20.930167,0.788015,61.414247,1069,110,2499
119,2.300333,-21.000000,23.300333,0.786439,68.073923,1188,110,2520
120,17.485833,-17.000000,32.485833,0.784866,93.723265,1629,114,2541
121,13.852667,-18.000000,30.352667,0.783296,88.076207,1533,117,2562
122,1.045000,-21.000000,22.045000,0.781730,69.117255,1125,117,2583
123,-2.540000,-21.000000,18.460000,0.780166,54.205806,945,117,2604
124,1.065000,-21.000000,22.065000,0.778606,64.404011,1126,117,2625
125,11.502667,-18.000000,28.002667,0.777049,81.367097,1413,120,2646
126,10.227500,-18.000000,26.727500,0.775495,77.615549,1354,123,2667
127,6.715000,-19.000000,24.715000,0.773944,72.110338,1258,125,2688
128,16.110000,-17.000000,31.110000,0.772396,90.098927,1569,129,2709
129,16.102500,-18.000000,32.602500,0.770851,94.962435,1652,132,2730
130,10.307667,-18.000000,26.807667,0.769309,77.263104,1354,135,2751
131,12.758000,-18.000000,29.258000,0.767771,84.238635,1473,138,2772
132,13.845333,-19.000000,31.845333,0.766235,93.276787,1618,140,2793
133,4.777500,-20.000000,24.277500,0.764703,70.620164,1224,141,2814
134,9.577500,-20.000000,29.077500,0.763173,86.003999,1464,142,2835
135,11.342667,-18.000000,27.842667,0.761647,81.039061,1414,145,2856
136,-2.560000,-21.000000,18.440000,0.760123,54.267778,944,145,2877
137,4.645500,-19.000000,22.645500,0.758603,65.365630,1136,147,2898
138,2.347500,-20.000000,21.847500,0.757086,63.367163,1101,148,2919
139,4.617500,-20.000000,24.117500,0.755572,70.343551,1222,149,2940
140,19.615000,-17.000000,34.615000,0.754061,101.342733,1749,153,2961
141,5.885000,-21.000000,26.885000,0.752553,78.302770,1368,153,2982
142,-0.162500,-20.000000,19.337500,0.751047,56.675980,979,154,3003
143,2.187667,-20.000000,21.687667,0.749545,63.348311,1099,155,3024
144,12.817833,-18.000000,29.317833,0.748046,85.024867,1473,158,3045
145,9.405333,-19.000000,27.405333,0.746550,78.978485,1376,160,3066
146,4.477667,-20.000000,23.977667,0.745057,71.473346,1222,161,3087
147,3.310167,-19.000000,21.310167,0.743567,61.806846,1076,163,3108
148,6.655167,-19.000000,24.655167,0.742080,72.270225,1254,165,3129
149,7.055667,-19.000000,25.055667,0.740596,72.224930,1256,167,3150
150,8.230167,-19.000000,26.230167,0.739115,76.242700,1321,169,3171
151,12.417500,-18.000000,28.917500,0.737636,84.709114,1470,172,3192
152,7.147667,-20.000000,26.647667,0.736161,77.797797,1345,173,3213
153,12.910667,-19.000000,30.910667,0.734689,90.243256,1564,175,3234
154,4.730000,-21.000000,25.730000,0.733219,75.368111,1310,175,3255
155,9.172833,-18.000000,25.672833,0.731753,74.610359,1294,178,3276
156,1.065000,-21.000000,22.065000,0.730289,65.361112,1126,178,3297
157,9.525500,-19.000000,27.525500,0.728829,80.419047,1381,180,3318
158,1.052833,-20.000000,20.552833,0.727371,63.456481,1041,181,3339
159,4.837833,-20.000000,24.337833,0.725916,70.944886,1225,182,3360
160,7.897500,-18.000000,24.397500,0.724465,71.654142,1233,185,3381
161,8.222500,-20.000000,27.722500,0.723016,81.005071,1402,186,3402
162,-1.365000,-21.000000,19.635000,0.721570,58.365000,1004,186,3423
163,12.565333,-17.000000,27.565333,0.720126,82.323766,1387,190,3444
164,6.132500,-20.000000,25.632500,0.718686,74.985407,1286,191,3465
165,7.075500,-19.000000,25.075500,0.717249,72.997474,1257,193,3486
166,6.995333,-19.000000,24.995333,0.715814,73.652009,1257,195,3507
167,-1.085000,-21.000000,19.915000,0.714383,58.560124,1008,195,3528
168,1.145000,-21.000000,22.145000,0.712954,65.966436,1130,195,3549
169,-1.305000,-21.000000,19.695000,0.711528,58.905224,1007,195,3570
170,1.085000,-21.000000,22.085000,0.710105,66.045991,1127,195,3591
171,3.422667,-20.000000,22.922667,0.708685,71.282378,1160,196,3612
172,3.210333,-19.000000,21.210333,0.707267,62.567062,1077,198,3633
173,3.502500,-20.000000,23.002500,0.705853,67.386455,1161,199,3654
174,-3.715000,-21.000000,17.285000,0.704441,52.691965,886,199,3675
175,11.947833,-20.000000,31.447833,0.703032,92.506245,1583,200,3696
176,10.267500,-18.000000,26.767500,0.701626,79.182072,1354,203,3717
177,2.240000,-21.000000,23.240000,0.700223,69.393291,1185,203,3738
178,12.998000,-18.000000,29.498000,0.698823,86.561690,1481,206,3759
179,12.730667,-19.000000,30.730667,0.697425,91.427916,1560,208,3780
180,-1.417500,-20.000000,18.082500,0.696030,53.470151,919,209,3801
181,4.557500,-20.000000,24.057500,0.694638,71.412759,1223,210,3822
182,2.500000,-21.000000,23.500000,0.693249,69.075442,1191,210,3843
183,9.252833,-18.000000,25.752833,0.691862,75.719698,1291,213,3864
184,-1.365000,-21.000000,19.635000,0.690478,59.506598,1004,213,3885
185,9.525667,-19.000000,27.525667,0.689098,80.551047,1382,215,3906
186,6.935667,-19.000000,24.935667,0.687719,73.754321,1256,217,3927
187,24.483167,-16.000000,37.983167,0.686344,111.504438,1908,222,3948
188,3.522500,-20.000000,23.022500,0.684971,68.212573,1164,223,3969
189,5.780500,-19.000000,23.780500,0.683601,70.006213,1195,225,3990
190,9.597500,-20.000000,29.097500,0.682234,85.326364,1461,226,4011
191,5.500000,-19.000000,23.500000,0.680870,69.671688,1195,228,4032
192,4.837500,-20.000000,24.337500,0.679508,71.497504,1224,229,4053
193,-1.365000,-21.000000,19.635000,0.678149,58.624453,1004,229,4074
194,18.945500,-19.000000,36.945500,0.676793,109.002998,1862,231,4095
195,8.932500,-18.000000,25.432500,0.675439,75.823645,1292,234,4116
196,23.180667,-17.000000,38.180667,0.674088,113.353011,1931,238,4137
197,7.127500,-20.000000,26.627500,0.672740,78.645098,1348,239,4158
198,17.405500,-17.000000,32.405500,0.671394,95.416058,1633,243,4179
199,16.010167,-17.000000,31.010167,0.670052,91.645252,1568,247,4200
200,4.497833,-20.000000,23.997833,0.668712,71.749460,1222,248,4221
201,13.307500,-16.000000,26.807500,0.667374,80.193945,1363,253,4242
202,20.457500,-16.000000,33.957500,0.666039,101.128828,1721,258,4263
203,6.842500,-18.000000,23.342500,0.664707,68.353344,1172,261,4284
204,13.752500,-18.000000,30.252500,0.663378,89.589433,1532,264,4305
205,21.030167,-17.000000,36.030167,0.662051,106.615479,1813,268,4326
206,16.210333,-17.000000,31.210333,0.660727,92.693828,1574,272,4347
207,11.562667,-18.000000,28.062667,0.659406,83.635041,1413,275,4368
208,-4.950000,-21.000000,16.050000,0.658087,48.631426,824,275,4389
209,-0.090000,-21.000000,20.910000,0.656771,62.359756,1068,275,4410
210,11.815333,-19.000000,29.815333,0.655457,87.972069,1499,277,4431
211,6.915333,-19.000000,24.915333,0.654146,73.699471,1256,279,4452
212,10.560167,-19.000000,28.560167,0.652838,84.651946,1444,281,4473
213,3.282500,-20.000000,22.782500,0.651532,68.115575,1162,282,4494
214,15.200167,-19.000000,33.200167,0.650229,98.086537,1676,284,4515
215,-0.042500,-20.000000,19.457500,0.648929,57.708092,979,285,4536
216,11.402833,-18.000000,27.902833,0.647631,83.393407,1411,288,4557
217,18.553000,-18.000000,35.053000,0.646335,104.955475,1773,291,4578
218,27.310333,-19.000000,45.310333,0.645043,133.799142,2279,293,4599
219,2.240000,-21.000000,23.240000,0.643753,69.941506,1185,293,4620
220,17.598000,-18.000000,34.098000,0.642465,100.958952,1717,296,4641
221,18.280000,-17.000000,33.280000,0.641180,99.144795,1688,300,4662
222,7.287500,-20.000000,26.787500,0.639898,78.901628,1344,301,4683
223,12.425333,-17.000000,27.425333,0.638618,81.865167,1390,305,4704
224,10.932833,-20.000000,30.432833,0.637341,89.721036,1526,306,4725
225,21.913000,-16.000000,35.413000,0.636066,104.349774,1782,311,4746
226,10.620333,-19.000000,28.620333,0.634794,85.177944,1436,313,4767
227,19.988000,-18.000000,36.488000,0.633524,108.177413,1837,316,4788
228,12.890333,-19.000000,30.890333,0.632257,92.019800,1559,318,4809
229,15.267833,-18.000000,31.767833,0.630993,93.698550,1598,321,4830
230,28.552833,-18.000000,45.052833,0.629731,133.369145,2261,324,4851
231,12.605000,-17.000000,27.605000,0.628471,82.321865,1388,328,4872
232,23.320333,-17.000000,38.320333,0.627215,113.628349,1929,332,4893
233,8.150000,-19.000000,26.150000,0.625960,77.709942,1316,334,4914
234,2.347500,-20.000000,21.847500,0.624708,65.591086,1104,335,4935
235,12.107667,-20.000000,31.607667,0.623459,94.098707,1590,336,4956
236,21.282833,-18.000000,37.782833,0.622212,112.780510,1897,339,4977
237,18.985500,-19.000000,36.985500,0.620967,110.920683,1865,341,4998
238,10.640500,-19.000000,28.640500,0.619726,85.618502,1438,343,5019
239,17.578167,-18.000000,34.078167,0.618486,101.422704,1709,346,5040
240,22.550667,-19.000000,40.550667,0.617249,121.693090,2047,348,5061
241,4.777667,-20.000000,24.277667,0.616015,72.553236,1225,349,5082
242,16.435167,-19.000000,34.435167,0.614783,103.392015,1741,351,5103
243,5.692500,-20.000000,25.192500,0.613553,75.742379,1281,352,5124
244,14.217500,-20.000000,33.717500,0.612326,101.259280,1704,353,5145
245,13.022500,-20.000000,32.522500,0.611101,99.422554,1651,354,5166
246,19.848000,-18.000000,36.348000,0.609879,109.484741,1835,357,5187
247,7.970000,-19.000000,25.970000,0.608659,79.125872,1317,359,5208
248,39.877667,-16.000000,53.377667,0.607442,160.352745,2693,364,5229
249,17.770667,-19.000000,35.770667,0.606227,108.366224,1800,366,5250
250,4.577500,-20.000000,24.077500,0.605015,73.145536,1223,367,5271
251,18.672833,-18.000000,35.172833,0.603805,105.661607,1781,370,5292
252,8.090333,-19.000000,26.090333,0.602597,78.248822,1318,372,5313
253,9.490000,-21.000000,30.490000,0.601392,92.401827,1549,372,5334
254,20.080667,-19.000000,38.080667,0.600189,118.580380,1922,374,5355
255,12.465333,-17.000000,27.465333,0.598989,82.470568,1388,378,5376
256,12.585333,-17.000000,27.585333,0.597791,82.922794,1388,382,5397
257,20.870667,-17.000000,35.870667,0.596595,108.207483,1806,386,5418
258,3.702833,-20.000000,23.202833,0.595402,69.876296,1163,387,5439
259,12.717500,-18.000000,29.217500,0.594211,88.582794,1474,390,5460
260,20.240167,-19.000000,38.240167,0.593023,114.969058,1922,392,5481
261,4.577667,-20.000000,24.077667,0.591837,73.222115,1224,393,5502
262,9.505500,-19.000000,27.505500,0.590653,82.325539,1379,395,5523
263,18.700167,-17.000000,33.700167,0.589472,102.114606,1696,399,5544
264,37.355500,-15.000000,49.355500,0.588293,150.993285,2484,405,5565
265,4.685500,-19.000000,22.685500,0.587116,68.663857,1137,407,5586
266,30.086000,-15.000000,42.086000,0.585942,127.413590,2123,413,5607
267,15.832833,-20.000000,35.332833,0.584770,106.368956,1773,414,5628
268,12.285833,-17.000000,27.285833,0.583600,82.976577,1385,418,5649
269,17.317500,-18.000000,33.817500,0.582433,102.337446,1713,421,5670
270,29.780500,-19.000000,47.780500,0.581268,144.058853,2406,423,5691
271,13.162667,-20.000000,32.662667,0.580106,99.176559,1644,424,5712
272,2.340167,-21.000000,23.340167,0.578946,72.830222,1190,424,5733
273,24.303167,-16.000000,37.803167,0.577788,114.533942,1905,429,5754
274,8.170333,-19.000000,26.170333,0.576632,79.144880,1318,431,5775
275,20.898167,-16.000000,34.398167,0.575479,103.717862,1727,436,5796
276,26.733000,-16.000000,40.233000,0.574328,120.700120,2023,441,5817
277,7.027500,-20.000000,26.527500,0.573179,80.483384,1342,442,5838
278,9.577500,-20.000000,29.077500,0.572033,87.982593,1467,443,5859
279,18.672667,-18.000000,35.172667,0.570889,105.927689,1773,446,5880
280,18.247833,-16.000000,31.747833,0.569747,96.738357,1604,451,5901
281,38.763000,-16.000000,52.263000,0.568608,158.757455,2629,456,5922
282,13.242667,-20.000000,32.742667,0.567470,98.727723,1650,457,5943
283,15.930000,-17.000000,30.930000,0.566335,94.034082,1567,461,5964
284,18.712667,-18.000000,35.212667,0.565203,106.874198,1776,464,5985
285,16.867500,-20.000000,36.367500,0.564072,110.160049,1830,465,6006
286,28.240833,-17.000000,43.240833,0.562944,129.872679,2172,469,6027
287,19.450833,-15.000000,31.450833,0.561818,95.223203,1580,475,6048
288,20.638000,-16.000000,34.138000,0.560695,104.328872,1726,480,6069
289,30.298333,-16.000000,43.798333,0.559573,137.684124,2204,485,6090
290,15.140167,-19.000000,33.140167,0.558454,100.788920,1683,487,6111
291,32.635667,-15.000000,44.635667,0.557337,135.709936,2243,493,6132
292,7.140000,-21.000000,28.140000,0.556223,86.191612,1431,493,6153
293,10.632500,-20.000000,30.132500,0.555110,92.281750,1522,494,6174
294,18.480000,-17.000000,33.480000,0.554000,101.616937,1684,498,6195
295,22.238000,-18.000000,38.738000,0.552892,117.873332,1953,501,6216
296,36.858500,-18.000000,53.358500,0.551786,162.657840,2681,504,6237
297,16.715500,-19.000000,34.715500,0.550683,108.073476,1741,506,6258
298,27.502667,-14.000000,38.002667,0.549581,115.623702,1914,513,6279
299,27.563000,-20.000000,47.063000,0.548482,142.276250,2366,514,6300
300,19.197500,-20.000000,38.697500,0.547385,117.276724,1946,515,6321
301,23.067833,-16.000000,36.567833,0.546290,111.842503,1847,520,6342
302,32.920167,-17.000000,47.920167,0.545198,145.573126,2412,524,6363
303,31.705833,-17.000000,46.705833,0.544107,143.068013,2351,528,6384
304,24.968333,-18.000000,41.468333,0.543019,127.434363,2081,531,6405
305,16.050667,-17.000000,31.050667,0.541933,95.813074,1570,535,6426
306,22.165333,-17.000000,37.165333,0.540849,113.712343,1874,539,6447
307,20.067833,-18.000000,36.567833,0.539767,112.241933,1835,542,6468
308,22.987667,-16.000000,36.487667,0.538688,112.239909,1844,547,6489
309,18.600833,-17.000000,33.600833,0.537611,103.382836,1688,551,6510
310,32.688167,-16.000000,46.188167,0.536535,142.054730,2323,556,6531
311,25.590333,-17.000000,40.590333,0.535462,125.122440,2046,560,6552
312,39.545167,-15.000000,51.545167,0.534391,160.504817,2608,566,6573
313,27.157833,-18.000000,43.657833,0.533323,133.382404,2200,569,6594
314,26.673167,-16.000000,40.173167,0.532256,123.545551,2026,574,6615
315,13.945667,-19.000000,31.945667,0.531191,99.844557,1621,576,6636
316,28.320500,-17.000000,43.320500,0.530129,132.592835,2184,580,6657
317,29.111167,-15.000000,41.111167,0.529069,125.906589,2064,586,6678
318,40.787833,-14.000000,51.287833,0.528011,158.690816,2581,593,6699
319,28.565833,-13.000000,37.565833,0.526955,116.101113,1889,601,6720
320,36.433333,-16.000000,49.933333,0.525901,153.935713,2513,606,6741
321,24.667833,-18.000000,41.167833,0.524849,126.755997,2070,609,6762
322,17.831000,-19.000000,35.831000,0.523799,110.251136,1804,611,6783
323,6.915000,-19.000000,24.915000,0.522752,76.728586,1257,613,6804
324,32.968500,-16.000000,46.468500,0.521706,143.348273,2332,618,6825
325,24.968333,-18.000000,41.468333,0.520663,127.366921,2081,621,6846
326,19.077500,-20.000000,38.577500,0.519621,119.027518,1950,622,6867
327,30.285833,-15.000000,42.285833,0.518582,129.790219,2123,628,6888
328,17.192667,-16.000000,30.692667,0.517545,94.347348,1545,633,6909
329,37.283500,-14.000000,47.783500,0.516510,147.952275,2397,640,6930
330,36.957667,-18.000000,53.457667,0.515477,165.406163,2685,643,6951
331,9.757667,-20.000000,29.257667,0.514446,89.884920,1469,644,6972
332,21.985333,-17.000000,36.985333,0.513417,116.690886,1869,648,6993
333,32.030333,-13.000000,41.030333,0.512390,128.263826,2070,656,7014
334,19.185667,-19.000000,37.185667,0.511365,115.857164,1868,658,7035
335,17.750167,-19.000000,35.750167,0.510343,110.123883,1800,660,7056
336,32.463667,-14.000000,42.963667,0.509322,133.017437,2159,667,7077
337,32.960667,-17.000000,47.960667,0.508303,148.921916,2413,671,7098
338,22.510000,-19.000000,40.510000,0.507287,126.628250,2044,673,7119
339,39.260667,-13.000000,48.260667,0.506272,150.635630,2430,681,7140
340,32.727833,-16.000000,46.227833,0.505260,144.059435,2330,686,7161
341,29.222833,-16.000000,42.722833,0.504249,134.671046,2155,691,7182
342,14.438000,-20.000000,33.938000,0.503241,106.370005,1706,692,7203
343,47.473000,-12.000000,54.973000,0.502234,171.664851,2778,701,7224
344,16.495333,-19.000000,34.495333,0.501230,108.608249,1743,703,7245
345,15.240167,-19.000000,33.240167,0.500227,103.637674,1678,705,7266
346,22.631000,-19.000000,40.631000,0.499227,126.592237,2039,707,7287
347,28.473500,-18.000000,44.973500,0.498228,139.943135,2256,710,7308
348,41.193167,-16.000000,54.693167,0.497232,171.576650,2751,715,7329
349,25.478000,-16.000000,38.978000,0.496237,121.335034,1967,720,7350
350,33.983000,-16.000000,47.483000,0.495245,148.564923,2388,725,7371
351,28.886000,-19.000000,46.886000,0.494254,145.693202,2352,727,7392
352,47.473167,-12.000000,54.973167,0.493266,171.628729,2771,736,7413
353,26.893500,-16.000000,40.393500,0.492279,125.912080,2028,741,7434
354,43.066000,-13.000000,52.066000,0.491295,163.691009,2621,749,7455
355,25.550167,-17.000000,40.550167,0.490312,127.177308,2052,753,7476
356,24.767833,-18.000000,41.267833,0.489332,128.954481,2078,756,7497
357,31.633167,-16.000000,45.133167,0.488353,141.075021,2268,761,7518
358,27.555500,-15.000000,39.555500,0.487376,124.552524,1997,767,7539
359,42.833500,-12.000000,50.333500,0.486401,159.853515,2529,776,7560
360,43.491333,-15.000000,55.491333,0.485429,185.775899,2793,782,7581
361,45.900333,-15.000000,57.900333,0.484458,181.775068,2912,788,7602
362,34.548167,-18.000000,51.048167,0.483489,160.130201,2565,791,7623
363,30.185500,-15.000000,42.185500,0.482522,132.927604,2128,797,7644
364,27.960667,-17.000000,42.960667,0.481557,136.496570,2170,801,7665
365,26.673000,-16.000000,40.173000,0.480594,130.262781,2026,806,7686
366,23.260000,-17.000000,38.260000,0.479633,125.017838,1930,810,7707
367,33.020333,-17.000000,48.020333,0.478673,150.658202,2418,814,7728
368,34.846167,-15.000000,46.846167,0.477716,147.573406,2361,820,7749
369,27.543000,-14.000000,38.043000,0.476761,120.151534,1913,827,7770
370,24.867833,-18.000000,41.367833,0.475807,130.461811,2077,830,7791
371,13.932833,-18.000000,30.432833,0.474855,95.739426,1534,833,7812
372,29.042667,-16.000000,42.542667,0.473906,134.466013,2145,838,7833
373,36.473167,-16.000000,49.973167,0.472958,158.239708,2509,843,7854
374,30.558333,-16.000000,44.058333,0.472012,138.511681,2211,848,7875
375,29.527833,-18.000000,46.027833,0.471068,145.479447,2320,851,7896
376,36.413333,-16.000000,49.913333,0.470126,156.616337,2510,856,7917
377,40.384000,-12.000000,47.884000,0.469186,150.924154,2407,865,7938
378,17.822500,-20.000000,37.322500,0.468247,118.001338,1882,866,7959
379,44.160833,-13.000000,53.160833,0.467311,169.107559,2677,874,7980
380,36.585833,-17.000000,51.585833,0.466376,163.493509,2592,878,8001
381,16.422500,-18.000000,32.922500,0.465443,104.487859,1656,881,8022
382,47.260667,-11.000000,53.260667,0.464512,168.601695,2684,891,8043
383,39.958000,-16.000000,53.458000,0.463583,169.637038,2694,896,8064
384,15.832667,-20.000000,35.332667,0.462656,111.609909,1775,897,8085
385,37.985167,-13.000000,46.985167,0.461731,148.760478,2370,905,8106
386,34.183167,-16.000000,47.683167,0.460807,152.096250,2397,910,8127
387,25.750500,-17.000000,40.750500,0.459886,129.582678,2048,914,8148
388,37.596000,-15.000000,49.596000,0.458966,157.623621,2489,920,8169
389,28.858667,-14.000000,39.358667,0.458048,124.406663,1977,927,8190
390,41.152833,-16.000000,54.652833,0.457132,175.040169,2753,932,8211
391,31.633500,-16.000000,45.133500,0.456218,145.157351,2269,937,8232
392,44.020500,-13.000000,53.020500,0.455305,168.399013,2671,945,8253
393,35.126167,-15.000000,47.126167,0.454395,149.545206,2365,951,8274
394,7.035500,-19.000000,25.035500,0.453486,79.443800,1256,953,8295
395,30.690500,-17.000000,45.690500,0.452579,145.679382,2295,957,8316
396,37.283000,-14.000000,47.783000,0.451674,152.560819,2404,964,8337
397,21.555667,-19.000000,39.555667,0.450770,126.213781,1985,966,8358
398,23.047833,-16.000000,36.547833,0.449869,118.257593,1846,971,8379
399,23.805167,-19.000000,41.805167,0.448969,133.920458,2110,973,8400
400,12.757500,-18.000000,29.257500,0.448071,93.226482,1474,976,8421
401,25.080667,-19.000000,43.080667,0.447175,139.019425,2170,978,8442
402,21.050333,-17.000000,36.050333,0.446281,114.927609,1813,982,8463
403,31.532833,-16.000000,45.032833,0.445388,143.984628,2267,987,8484
404,35.158000,-16.000000,48.658000,0.444497,155.922028,2446,992,8505
405,50.906000,-11.000000,56.906000,0.443608,184.310423,2859,1002,8526
406,39.745833,-15.000000,51.745833,0.442721,166.402977,2606,1008,8547
407,25.578000,-16.000000,39.078000,0.441836,125.199939,1965,1013,8568
408,30.438333,-16.000000,43.938333,0.440952,140.929479,2207,1018,8589
409,30.157500,-16.000000,43.657500,0.440070,140.649363,2205,1023,8610
410,20.870500,-17.000000,35.870500,0.439190,116.226149,1813,1027,8631
411,16.402500,-18.000000,32.902500,0.438312,105.988117,1655,1030,8652
412,64.323333,-12.000000,71.823333,0.437435,230.596605,3614,1039,8673
413,29.487667,-18.000000,45.987667,0.436560,148.096838,2318,1042,8694
414,42.075667,-15.000000,54.075667,0.435687,174.149193,2727,1048,8715
415,30.710833,-17.000000,45.710833,0.434816,146.802291,2298,1052,8736
416,32.343667,-14.000000,42.843667,0.433946,137.937115,2161,1059,8757
417,44.553833,-14.000000,55.053833,0.433078,177.691819,2765,1066,8778
418,22.245667,-17.000000,37.245667,0.432212,118.970743,1870,1070,8799
419,34.223500,-16.000000,47.723500,0.431348,153.291724,2395,1075,8820
420,19.755500,-17.000000,34.755500,0.430485,111.523826,1750,1079,8841
421,27.177667,-18.000000,43.677667,0.429624,140.655212,2201,1082,8862
422,23.950500,-15.000000,35.950500,0.428765,116.989922,1818,1088,8883
423,31.340833,-15.000000,43.340833,0.427907,140.200240,2180,1094,8904
424,25.730667,-17.000000,40.730667,0.427051,132.984126,2052,1098,8925
425,24.495500,-17.000000,39.495500,0.426197,128.853981,1990,1102,8946
426,33.750333,-15.000000,45.750333,0.425345,149.401206,2307,1108,8967
427,62.512167,-9.000000,65.512167,0.424494,212.122591,3294,1120,8988
428,18.327667,-16.000000,31.827667,0.423645,103.247036,1604,1125,9009
429,15.167667,-18.000000,31.667667,0.422798,102.466695,1595,1128,9030
430,64.708833,-8.000000,66.208833,0.421952,215.310190,3331,1141,9051
431,38.498500,-14.000000,48.998500,0.421108,158.669280,2463,1148,9072
432,35.038000,-16.000000,48.538000,0.420266,158.249482,2443,1153,9093
433,26.713167,-16.000000,40.213167,0.419426,132.479380,2024,1158,9114
434,50.136167,-13.000000,59.136167,0.418587,193.421563,2975,1166,9135
435,33.923167,-16.000000,47.423167,0.417750,155.604642,2389,1171,9156
436,61.588500,-10.000000,66.088500,0.416914,216.219957,3323,1182,9177
437,56.920667,-11.000000,62.920667,0.416080,205.683575,3170,1192,9198
438,31.886000,-17.000000,46.886000,0.415248,153.565583,2361,1196,9219
439,35.318167,-16.000000,48.818167,0.414418,159.539890,2452,1201,9240
440,15.107500,-18.000000,31.607500,0.413589,103.616969,1595,1204,9261
441,22.518333,-18.000000,39.018333,0.412762,127.729614,1960,1207,9282
442,45.155833,-13.000000,54.155833,0.411936,178.651278,2735,1215,9303
443,41.332833,-16.000000,54.832833,0.411112,178.225531,2754,1220,9324
444,52.931167,-9.000000,55.931167,0.410290,184.801825,2815,1232,9345
445,42.825500,-13.000000,51.825500,0.409469,170.491360,2611,1240,9366
446,23.147667,-16.000000,36.647667,0.408650,120.593173,1844,1245,9387
447,22.350000,-19.000000,40.350000,0.407833,134.033508,2044,1247,9408
448,32.150500,-13.000000,41.150500,0.407017,135.459122,2070,1255,9429
449,22.197833,-18.000000,38.697833,0.406203,128.344125,1955,1258,9450
450,43.636000,-11.000000,49.636000,0.405391,162.963998,2501,1268,9471
451,48.475500,-11.000000,54.475500,0.404580,179.444313,2748,1278,9492
452,36.021000,-15.000000,48.021000,0.403771,159.319570,2425,1284,9513
453,45.748500,-14.000000,56.248500,0.402964,188.512141,2828,1291,9534
454,34.581000,-13.000000,43.581000,0.402158,145.338758,2190,1299,9555
455,23.653000,-18.000000,40.153000,0.401353,133.336645,2018,1302,9576
456,36.048667,-14.000000,46.548667,0.400551,152.977656,2335,1309,9597
457,28.638000,-14.000000,39.138000,0.399749,130.420238,1975,1316,9618
458,39.845833,-15.000000,51.845833,0.398950,173.197625,2606,1322,9639
459,27.357833,-18.000000,43.857833,0.398152,145.667450,2205,1325,9660
460,31.083167,-18.000000,47.583167,0.397356,157.595580,2388,1328,9681
461,27.736000,-15.000000,39.736000,0.396561,131.870596,2001,1334,9702
462,39.320833,-13.000000,48.320833,0.395768,161.139273,2433,1342,9723
463,30.670833,-17.000000,45.670833,0.394976,152.067822,2295,1346,9744
464,53.780667,-13.000000,62.780667,0.394186,207.905734,3161,1354,9765
465,34.056000,-11.000000,40.056000,0.393398,132.421249,2017,1364,9786
466,20.830333,-17.000000,35.830333,0.392611,119.056221,1807,1368,9807
467,33.413167,-18.000000,49.913167,0.391826,164.859360,2506,1371,9828
468,28.180500,-17.000000,43.180500,0.391042,143.471157,2173,1375,9849
469,26.620667,-15.000000,38.620667,0.390260,127.529471,1941,1381,9870
470,32.707833,-16.000000,46.207833,0.389480,154.357543,2328,1386,9891
471,27.490833,-19.000000,45.490833,0.388701,150.248895,2288,1388,9912
472,24.282500,-16.000000,37.782500,0.387923,126.564047,1909,1393,9933
473,62.604000,-10.000000,67.104000,0.387148,223.099604,3374,1404,9954
474,26.621333,-15.000000,38.621333,0.386373,127.590624,1940,1410,9975
475,16.422833,-18.000000,32.922833,0.385601,109.713980,1657,1413,9996
476,23.148167,-16.000000,36.648167,0.384829,122.943160,1845,1418,10017
477,43.086000,-13.000000,52.086000,0.384060,172.760792,2616,1426,10038
478,38.025833,-13.000000,47.025833,0.383292,157.741529,2373,1434,10059
479,38.478500,-14.000000,48.978500,0.382525,163.720763,2462,1441,10080
480,70.824500,-8.000000,72.324500,0.381760,243.469786,3639,1454,10101
481,44.088500,-12.000000,51.588500,0.380996,172.155742,2592,1463,10122
482,44.951333,-11.000000,50.951333,0.380234,172.826684,2561,1473,10143
483,50.753167,-10.000000,55.253167,0.379474,185.400378,2777,1484,10164
484,59.697000,-7.000000,59.697000,0.378715,200.908171,3004,1498,10185
485,51.756000,-9.000000,54.756000,0.377958,181.711206,2752,1510,10206
486,29.788333,-18.000000,46.288333,0.377202,155.526122,2322,1513,10227
487,28.253167,-12.000000,35.753167,0.376447,121.717872,1802,1522,10248
488,66.702000,-5.000000,63.702000,0.375694,214.950934,3200,1538,10269
489,43.078667,-14.000000,53.578667,0.374943,180.192614,2696,1545,10290
490,82.329667,-6.000000,80.829667,0.374193,274.288862,4067,1560,10311
491,72.909833,-6.000000,71.409833,0.373445,243.146207,3589,1575,10332
492,47.481333,-11.000000,53.481333,0.372698,181.134359,2688,1585,10353
493,31.167833,-14.000000,41.667833,0.371952,140.503525,2099,1592,10374
494,64.557000,-7.000000,64.557000,0.371209,219.740717,3244,1606,10395
495,37.560667,-11.000000,43.560667,0.370466,147.736607,2199,1616,10416
496,48.709000,-12.000000,56.209000,0.369725,189.894038,2827,1625,10437
497,28.757833,-14.000000,39.257833,0.368986,130.922362,1978,1632,10458
498,59.989667,-8.000000,61.489667,0.368248,207.206159,3090,1645,10479
499,25.093167,-14.000000,35.593167,0.367511,119.821634,1791,1652,10500
